id,flags,target
0003645892, ,Jamiroquai - Superfresh (Oliver Heldens Remix).mp3
0003686008, ,Blippi - Street Sweeper.mp3
0003635970,rand,The Kiboomers - Favorite Toddler Fun Songs/
0003664027, ,Owl Moon (with signals) - cassette rip - Jane Yolen.mp3
0003675438,rand,Russian songs2/
0003653352, ,Herbie Hancock-Go For It.mp3
0003664347,rand,Магомаев Муслим/
0003702880,rand,UNDERTALE Soundtrack (2015)/
0003653945, ,crow.and.a.fox.mp3
0003615578, ,The Kiboomers - Favorite Toddler Fun Songs/20 - Walking Walking (2014 Version).mp3
0003634915,rand,Russian songs/
0003649133,rand,Movie music/
0003639475,rand,Expedition33/
0003666932,rand,Юрий Энтин/
0003702159,rand,VA - Christmas All The Way 2021/
0003679765,3shot,Loop_Hero_OST/
0003701131, ,Dr. Seuss - How The Grinch Stole Christmas.mp3
0003621559, ,RussianTankPicture.mp3
0003653366, ,Paccka3bl Ana Aeten.mp3
0003634171, ,Tanhoe Ctahobntcr rbhblm.mp3
0003644732, ,Dr. Seuss - The Cat in the Hat.mp3
0003649154, ,Dr. Seuss - Green Eggs and Ham.mp3
0008614223, ,Walter The Baker Read aloud kids book by Eric Carle.mp3
0008614224, ,Pancakes Pancakes! A read-aloud children's book by Eric Carle.mp3
0007629732, ,Pete the Cat and the Missing Cupcakes/Pete the Cat and the Missing Cupcakes.mp3
0003621762, ,Pete the Cat Petes Big Lunch/Pete the Cat - Petes Big Lunch.mp3
0003641170, ,Pete the Cat Rocking In My School Shoes/Pete the Cat - Rocking in My School Shoes.mp3
0008598735, ,Pete the Cat Groovy Buttons/Pete the Cat - Four Groovy Buttons.mp3
0008598731, ,Hedgehog in the fog/03_Ezhik v tumane.mp3
0008598726, ,0011_malchik_palchik.mp3
0008614278, ,Papa Please Get The Moon For Me.mp3
0008614273, ,The Very Hungry Caterpillar.mp3
0008614286, ,Рассказы о животных.mp3
0008599017,rand,Orb of Creation Soundtrack/
0008571519, ,06_Snezhnyy dom.mp3
0008571524, ,24_Legenda o bobre.mp3
0008571529, ,Мойдодыр.mp3
0008571534, ,Queen - Killer Queen.mp3
0008614291, ,The Kiboomers - Favorite Toddler Fun Songs/06 - Ladies Ride (2014 Version).mp3
0008599007,rand,Beethoven/
0008614286,rand,xЮрий Энтин/
0003634171,rand,Tchaikovsky - Nutcracker/
0008575845, ,04. Harder Better Faster Stronger.mp3
0008571534,rand,Classical Piano Music 2/
0008599006, ,Teremok.mp3
0003653366, ,Repka.mp3
0003621559, ,Kolobok.mp3
0008571519, ,The Kiboomers - Favorite Toddler Fun Songs/13 - Little Turtle (2014 Version).mp3
0003664347,rand,Mozart/
0008633583, ,kot_sapogah.mp3
0008613971, ,1_zimnyaya_skazka_kak_ezhik_medvezhonkom_protirali_zvezdi.mp3
0010767301, ,07_Baba-Yaga.mp3
0010920539, ,13. Puzir Solominka I Lapot.mp3
0001402250, ,01_Skazki pro Cheburashku i Krokodila Genu.mp3
0008613966, ,01. One More Time.mp3
0008613961,3shot,Journey to Silius/
0008598997,3shot,Megaman/
0008614277,3shot,Cave Story/
0008598992, ,Very Lonely Firefly.mp3
0003693235, ,Eric Carle - The Tiny Seed.mp3
0007623062, ,Eric Carle - From Head To Toe Song.mp3
0007629715, ,Goodnight Moon.mp3
0007654477, ,Little Cloud by Eric Carle.mp3
0008575857, ,Pete the Cat - At the Beach.mp3
0008575850, ,Pete the Cat - I Love My White Shoes.mp3
0007628982, ,The Very Hungry Caterpillar's Halloween Trick or Treat - Animated and Read Aloud.mp3
0008560063, ,The Greedy Python –  Eric Carle.mp3
0008582941, ,The Foolish Tortoise – Eric Carle.mp3
0007629711, ,Leo the Truck - Planet Song.mp3
0007629706, ,Leo the Truck - Frog Song.mp3
0007623113, ,Row Row Row Your Boat.mp3
0008571098, ,Leo the Truck - Suitcase Song.mp3
0007683031, ,Leo the Truck - Tow Truck Song.mp3
0008559541, ,Leo the Truck - Itsy Bitsy Spider.mp3
0007683016, ,Leo the Truck - Train Song.mp3
0007683017, ,Days of the Week.mp3
0007623064, ,Baby Bear Baby Bear.mp3
0008560050, ,Panda Bear Panda Bear.mp3
0008559536, ,Very Busy Spider.mp3
0007654511, ,The Mixed-Up Chameleon.mp3
0008581077, ,oooooooooo.mp3
0008573522, ,Pete the Cat - Pets Go Marching.mp3
0008573512, ,Pete the Cat - Rocking in My School Shoes.mp3
0008573517, ,Queen - Another One Bites The Dust.mp3
0007629725, ,Blippi - Jump In The Ball Pit.mp3
0007654504, ,The Kiboomers - Favorite Toddler Fun Songs/11 - Here Is the Beehive (2014 Version).mp3
0007623119, ,The Kiboomers - Favorite Toddler Fun Songs/07 - Down Around the Corner at the Bakery Shop (2014 Version).mp3
0007623121, ,The Kiboomers - Favorite Toddler Fun Songs/05 - Rain Rain Go Away (2014 Version).mp3
0007654481, ,The Kiboomers - Favorite Toddler Fun Songs/09 - Open Shut Them (2014 Version).mp3
